team_name,league,attack_power,defense_power
ガイナーレ鳥取,J3,1.375,2.25
ガンバ大阪,J1,1.0,1.75
アルビレックス新潟,J2,1.375,1.5
FC岐阜,J3,2.375,1.0
北海道コンサドーレ札幌,J2,1.25,2.125
奈良クラブ,J3,2.0,2.143
浦和レッズ,J1,2.0,2.25
FC大阪,J3,2.143,0.857
川崎フロンターレ,J1,2.0,1.5
京都サンガF.C.,J1,1.375,1.875
FC琉球,J3,1.429,1.0
ヴィッセル神戸,J1,1.5,0.625
レノファ山口FC,J3,1.375,0.875
高知ユナイテッドSC,J3,0.375,2.25
カターレ富山,J2,2.0,1.0
ザスパ群馬,J3,0.875,1.875
湘南ベルマーレ,J2,1.125,0.875
ツエーゲン金沢,J3,1.75,1.625
横浜F・マリノス,J1,1.625,1.125
ジェフユナイテッド千葉,J1,0.875,2.25
鹿児島ユナイテッドFC,J3,2.0,1.0
セレッソ大阪,J1,0.875,1.5
ギラヴァンツ北九州,J3,1.429,2.286
水戸ホーリーホック,J1,1.375,1.375
愛媛FC,J3,2.571,1.0
藤枝MYFC,J2,1.5,1.125
ベガルタ仙台,J2,1.875,0.875
ブラウブリッツ秋田,J2,1.375,1.25
ロアッソ熊本,J3,0.875,0.5
FC東京,J1,1.75,1.0
FC町田ゼルビア,J1,2.625,1.25
徳島ヴォルティス,J2,1.0,1.0
V・ファーレン長崎,J1,1.25,1.875
サンフレッチェ広島,J1,2.5,0.75
栃木シティ,J2,1.75,1.625
ファジアーノ岡山,J1,1.375,1.25
栃木SC,J3,1.375,1.75
柏レイソル,J1,2.125,1.5
名古屋グランパス,J1,0.875,1.75
ヴァンラーレ八戸,J2,0.625,1.5
SC相模原,J3,1.75,1.25
東京ヴェルディ,J1,0.5,1.5
モンテディオ山形,J2,1.25,0.75
ヴァンフォーレ甲府,J2,0.75,1.875
AC長野パルセイロ,J3,1.375,1.5
横浜FC,J2,2.0,1.375
ジュビロ磐田,J2,1.25,1.375
サガン鳥栖,J2,1.0,1.375
アビスパ福岡,J1,1.125,1.5
いわきFC,J2,1.375,1.875
カマタマーレ讃岐,J3,1.429,2.429
鹿島アントラーズ,J1,2.125,2.0
RB大宮アルディージャ,J2,2.0,0.875
福島ユナイテッドFC,J3,2.0,2.5
テゲバジャーロ宮崎,J2,1.5,1.5
松本山雅FC,J3,1.0,1.25
清水エスパルス,J1,0.75,1.0
レイラック滋賀,J3,1.667,1.667
大分トリニータ,J2,0.875,0.75
FC今治,J2,0.875,2.125
