リーグ,年,クラブ,平均観客数,年間最高観客数,年間最低観客数,ゲーム数
J1,2025,浦和レッズ,36765.4,53301,21383,18
J1,2025,名古屋グランパス,32112.7,40055,21892,18
J1,2025,ＦＣ東京,31329.3,46206,14971,18
J1,2025,ガンバ大阪,29518.4,35245,22614,17
J1,2025,鹿島アントラーズ,26863.1,59574,12106,18
J1,2025,横浜Ｆ・マリノス,25684.1,41221,14513,18
J1,2025,サンフレッチェ広島,25491.8,27123,23969,17
J1,2025,アルビレックス新潟,22448.4,30474,13627,18
J1,2025,川崎フロンターレ,21987.6,23675,20175,18
J1,2025,ヴィッセル神戸,21051.8,36407,11019,18
J1,2025,東京ヴェルディ,20174.0,52541,11334,18
J1,2025,清水エスパルス,19000.4,52847,12238,17
J1,2025,セレッソ大阪,18631.1,22365,14693,18
J1,2025,京都サンガF.C.,16136.4,20353,9059,17
J1,2025,ファジアーノ岡山,14529.5,15451,13330,18
J1,2025,柏レイソル,12957.6,14048,8946,18
J1,2025,ＦＣ町田ゼルビア,12183.3,44363,6825,17
J1,2025,湘南ベルマーレ,11369.7,13200,8476,18
J1,2025,横浜ＦＣ,10220.5,14057,6431,18
J1,2025,アビスパ福岡,9611.7,14039,6157,18
J1,2024,浦和レッズ,37519.0,55184,16787,19
J1,2024,ＦＣ東京,33225.0,57885,15828,19
J1,2024,名古屋,27650.0,40498,10083,19
J1,2024,ガンバ大阪,26096.0,34653,16021,19
J1,2024,サンフレッチェ広島,25609.0,27545,22774,19
J1,2024,横浜Ｆ・マリノス,24843.0,47926,8504,19
J1,2024,鹿島アントラーズ,23027.0,52860,11848,19
J1,2024,アルビレックス新潟,22430.0,33885,13368,19
J1,2024,ヴィッセル神戸,21811.0,49541,10961,19
J1,2024,川崎フロンターレ,21076.0,23603,18318,19
J1,2024,東京ヴェルディ,20976.0,53026,10060,19
J1,2024,セレッソ大阪,17903.0,21962,11040,19
J1,2024,ＦＣ町田ゼルビア,17610.0,48887,5240,19
J1,2024,北海道コンサドーレ札幌,17086.0,26677,7702,19
J1,2024,ジュビロ磐田,13817.0,32995,8355,19
J1,2024,京都サンガF.C.,13535.0,20323,6569,19
J1,2024,柏レイソル,12070.0,14472,7530,19
J1,2024,湘南ベルマーレ,11315.0,13192,6803,19
J1,2024,サガン鳥栖,9800.0,17563,5886,19
J1,2024,アビスパ福岡,9699.0,17161,5472,19
J1,2023,浦和レッズ,30509.0,49108,15167,17
J1,2023,ＦＣ東京,29410.0,56705,16068,17
J1,2023,横浜Ｆ・マリノス,27716.0,42772,7771,17
J1,2023,名古屋,27504.0,57058,11736,17
J1,2023,ガンバ大阪,23273.0,34517,14577,17
J1,2023,アルビレックス新潟,23113.0,30136,16692,17
J1,2023,ヴィッセル神戸,22553.0,53444,15741,17
J1,2023,鹿島アントラーズ,22031.0,56020,13169,17
J1,2023,川崎フロンターレ,19840.0,22563,17304,17
J1,2023,セレッソ大阪,17074.0,22542,10673,17
J1,2023,サンフレッチェ広島,16128.0,29097,8361,17
J1,2023,北海道コンサドーレ札幌,16086.0,31143,7591,17
J1,2023,京都サンガF.C.,13229.0,18500,8138,17
J1,2023,湘南ベルマーレ,13161.0,54243,7694,17
J1,2023,柏レイソル,11130.0,12833,8111,17
J1,2023,サガン鳥栖,10231.0,17799,6418,17
J1,2023,アビスパ福岡,9766.0,18309,6210,17
J1,2023,横浜ＦＣ,9129.0,13624,3401,17
J1,2022,浦和レッズ,23617.0,37144,15921,17
J1,2022,ＦＣ東京,22309.0,50994,11214,17
J1,2022,横浜Ｆ・マリノス,19811.0,46387,6689,17
J1,2022,名古屋,18813.0,37068,6106,17
J1,2022,川崎フロンターレ,17940.0,22110,13923,17
J1,2022,ガンバ大阪,17669.0,27988,6703,17
J1,2022,鹿島アントラーズ,16161.0,27234,6878,17
J1,2022,ヴィッセル神戸,15540.0,22949,7349,17
J1,2022,清水エスパルス,15245.0,56131,6806,17
J1,2022,北海道コンサドーレ札幌,12215.0,23330,5791,17
J1,2022,京都サンガF.C.,11692.0,17936,7195,17
J1,2022,セレッソ大阪,11427.0,18750,6695,17
J1,2022,サンフレッチェ広島,10493.0,18106,3988,17
J1,2022,ジュビロ磐田,9942.0,19130,5043,17
J1,2022,サガン鳥栖,9358.0,15577,4630,17
J1,2022,柏レイソル,9265.0,13418,4570,17
J1,2022,湘南ベルマーレ,9228.0,12083,4974,17
J1,2022,アビスパ福岡,7150.0,10933,4266,17
J1,2021,名古屋,11085.0,27079,4844,19
J1,2021,横浜Ｆ・マリノス,8991.0,30657,4752,19
J1,2021,鹿島アントラーズ,8252.0,16518,3586,18
J1,2021,浦和レッズ,8244.0,28138,4425,19
J1,2021,ＦＣ東京,7535.0,18209,4133,18
J1,2021,ヴィッセル神戸,7516.0,15013,4252,18
J1,2021,清水エスパルス,7455.0,9668,4356,19
J1,2021,サガン鳥栖,7276.0,9975,4512,19
J1,2021,ガンバ大阪,7255.0,16699,4205,14
J1,2021,川崎フロンターレ,7215.0,14867,4744,19
J1,2021,北海道コンサドーレ札幌,6817.0,13768,3106,19
J1,2021,大分トリニータ,6723.0,10021,3545,19
J1,2021,ベガルタ仙台,6152.0,9005,3096,19
J1,2021,サンフレッチェ広島,5920.0,11252,3190,19
J1,2021,セレッソ大阪,5667.0,10313,2711,17
J1,2021,徳島ヴォルティス,5631.0,8170,3170,19
J1,2021,アビスパ福岡,5403.0,9147,3951,19
J1,2021,湘南ベルマーレ,4850.0,6428,3585,19
J1,2021,横浜ＦＣ,4511.0,7039,1899,19
J1,2021,柏レイソル,4445.0,6458,2877,19
J1,2020,名古屋,9092.0,16825,4005,16
J1,2020,横浜Ｆ・マリノス,8467.0,34521,3431,16
J1,2020,浦和レッズ,8361.0,20288,3094,16
J1,2020,川崎フロンターレ,8354.0,21117,4723,16
J1,2020,ガンバ大阪,8077.0,16183,4142,16
J1,2020,セレッソ大阪,7453.0,19553,3140,16
J1,2020,鹿島アントラーズ,6525.0,13463,3027,16
J1,2020,ヴィッセル神戸,6420.0,25059,2719,16
J1,2020,ＦＣ東京,6283.0,14373,3812,16
J1,2020,清水エスパルス,5563.0,17549,2697,16
J1,2020,大分トリニータ,5480.0,9820,3465,16
J1,2020,サガン鳥栖,4967.0,9451,2592,16
J1,2020,サンフレッチェ広島,4829.0,18713,1948,16
J1,2020,湘南ベルマーレ,4746.0,13071,2629,16
J1,2020,ベガルタ仙台,4423.0,13968,2191,16
J1,2020,北海道コンサドーレ札幌,4303.0,8905,2039,17
J1,2020,横浜ＦＣ,3782.0,6965,2235,16
J1,2020,柏レイソル,3679.0,12468,2412,15
J1,2019,浦和レッズ,34184.0,54599,19698,17
J1,2019,ＦＣ東京,31540.0,42401,22302,17
J1,2019,ガンバ大阪,27708.0,37334,17727,17
J1,2019,名古屋,27612.0,42975,14651,17
J1,2019,横浜Ｆ・マリノス,27010.0,63854,11186,17
J1,2019,川崎フロンターレ,23272.0,25789,19556,17
J1,2019,セレッソ大阪,21518.0,42221,12044,17
J1,2019,ヴィッセル神戸,21491.0,25929,17708,17
J1,2019,鹿島アントラーズ,20569.0,34312,10208,17
J1,2019,北海道コンサドーレ札幌,18768.0,35531,6836,17
J1,2019,松本山雅ＦＣ,17416.0,19744,14078,17
J1,2019,大分トリニータ,15347.0,28574,9031,17
J1,2019,ジュビロ磐田,15277.0,31144,9416,17
J1,2019,サガン鳥栖,15050.0,23055,8698,17
J1,2019,清水エスパルス,15043.0,18246,11028,17
J1,2019,ベガルタ仙台,14971.0,19503,10931,17
J1,2019,サンフレッチェ広島,13886.0,29666,6491,17
J1,2019,湘南ベルマーレ,12849.0,14246,9290,17
J1,2018,浦和レッズ,35502.0,55689,21250,17
J1,2018,ＦＣ東京,26432.0,44801,13425,17
J1,2018,名古屋,24660.0,43579,9297,17
J1,2018,ガンバ大阪,23485.0,35242,11824,17
J1,2018,川崎フロンターレ,23218.0,24677,17113,17
J1,2018,横浜Ｆ・マリノス,21788.0,41686,8688,17
J1,2018,ヴィッセル神戸,21630.0,26603,9015,17
J1,2018,鹿島アントラーズ,19434.0,33647,7672,17
J1,2018,セレッソ大阪,18811.0,34303,8165,17
J1,2018,北海道コンサドーレ札幌,18223.0,34250,6729,17
J1,2018,ジュビロ磐田,15474.0,31375,8047,17
J1,2018,ベガルタ仙台,15408.0,19152,13081,17
J1,2018,サガン鳥栖,15000.0,22669,7138,17
J1,2018,清水エスパルス,14991.0,20109,6193,17
J1,2018,サンフレッチェ広島,14346.0,21997,7344,17
J1,2018,湘南ベルマーレ,12120.0,15351,8002,17
J1,2018,柏レイソル,11402.0,14208,9255,17
J1,2018,Ｖ・ファーレン長崎,11225.0,15975,6579,17
J1,2017,浦和レッズ,33542.0,57447,21603,17
J1,2017,ＦＣ東京,26490.0,42979,13417,17
J1,2017,横浜Ｆ・マリノス,24766.0,42483,11036,17
J1,2017,ガンバ大阪,24277.0,36177,13074,17
J1,2017,川崎フロンターレ,22112.0,25904,17358,17
J1,2017,アルビレックス新潟,22034.0,31014,16461,17
J1,2017,セレッソ大阪,20970.0,42438,8998,17
J1,2017,鹿島アントラーズ,20467.0,36080,10838,17
J1,2017,北海道コンサドーレ札幌,18418.0,33353,9535,17
J1,2017,ヴィッセル神戸,18272.0,25278,7911,17
J1,2017,ジュビロ磐田,16321.0,40491,11762,17
J1,2017,清水エスパルス,15116.0,18556,11007,17
J1,2017,ベガルタ仙台,14746.0,18059,11500,17
J1,2017,サガン鳥栖,14194.0,21245,7381,17
J1,2017,サンフレッチェ広島,14042.0,22333,8319,17
J1,2017,柏レイソル,11820.0,14096,9432,17
J1,2017,ＲＢ大宮アルディージャ,11464.0,13364,9598,17
J1,2017,ヴァンフォーレ甲府,10842.0,14680,4692,17
J1,2016,浦和レッズ,36935.0,56841,22766,17
J1,2016,ガンバ大阪,25342.0,34231,13731,17
J1,2016,ＦＣ東京,24037.0,37805,11488,17
J1,2016,横浜Ｆ・マリノス,24004.0,46413,7033,17
J1,2016,川崎フロンターレ,22136.0,26612,14432,17
J1,2016,アルビレックス新潟,21181.0,29692,14627,17
J1,2016,鹿島アントラーズ,19104.0,31636,6696,17
J1,2016,名古屋,17729.0,30282,7980,17
J1,2016,ヴィッセル神戸,17018.0,25722,11212,17
J1,2016,ベガルタ仙台,15467.0,19315,12504,17
J1,2016,サンフレッチェ広島,15464.0,25845,8602,17
J1,2016,ジュビロ磐田,14611.0,24896,10416,17
J1,2016,アビスパ福岡,12857.0,19370,5870,17
J1,2016,サガン鳥栖,12636.0,20219,6499,17
J1,2016,ＲＢ大宮アルディージャ,11814.0,13880,9480,17
J1,2016,湘南ベルマーレ,11530.0,14419,8052,17
J1,2016,ヴァンフォーレ甲府,10833.0,15508,7011,17
J1,2016,柏レイソル,10728.0,13977,7090,17
J1,2015,浦和レッズ,38745.0,53148,22363,17
J1,2015,ＦＣ東京,28785.0,42604,12727,17
J1,2015,横浜Ｆ・マリノス,24221.0,44226,8038,17
J1,2015,アルビレックス新潟,21936.0,31324,16068,17
J1,2015,川崎フロンターレ,20999.0,24992,14881,17
J1,2015,松本山雅ＦＣ,16823.0,18906,11743,17
J1,2015,鹿島アントラーズ,16423.0,29030,6923,17
J1,2015,サンフレッチェ広島,16382.0,33210,7966,17
J1,2015,ヴィッセル神戸,16265.0,24027,7696,17
J1,2015,名古屋,16240.0,33558,9986,17
J1,2015,ガンバ大阪,15999.0,18842,10702,17
J1,2015,ベガルタ仙台,14924.0,19375,12488,17
J1,2015,清水エスパルス,14803.0,19736,11348,17
J1,2015,サガン鳥栖,13450.0,20792,7524,17
J1,2015,湘南ベルマーレ,12208.0,14581,9157,17
J1,2015,ヴァンフォーレ甲府,11297.0,14176,7015,17
J1,2015,柏レイソル,10918.0,14055,6701,17
J1,2015,モンテディオ山形,10031.0,14320,6100,17
J1,2014,浦和レッズ,37736.0,56758,19977,16
J1,2014,ＦＣ東京,25187.0,42059,13048,17
J1,2014,横浜Ｆ・マリノス,23088.0,40571,11088,17
J1,2014,アルビレックス新潟,22979.0,35533,2104,17
J1,2014,セレッソ大阪,21627.0,42723,10262,17
J1,2014,鹿島アントラーズ,17665.0,32099,8840,17
J1,2014,名古屋,16734.0,38966,5599,17
J1,2014,川崎フロンターレ,16661.0,19668,10609,17
J1,2014,ベガルタ仙台,15174.0,19404,11144,17
J1,2014,ヴィッセル神戸,15011.0,25382,9375,17
J1,2014,サンフレッチェ広島,14997.0,24734,9515,17
J1,2014,ガンバ大阪,14749.0,19569,10898,17
J1,2014,清水エスパルス,14210.0,19824,8539,17
J1,2014,サガン鳥栖,14137.0,23277,8276,17
J1,2014,ヴァンフォーレ甲府,12171.0,36505,5416,17
J1,2014,ＲＢ大宮アルディージャ,10811.0,14182,7001,17
J1,2014,柏レイソル,10715.0,14623,6115,17
J1,2014,徳島ヴォルティス,8884.0,17274,3594,17
J1,2013,浦和レッズ,37100.0,54905,23295,17
J1,2013,横浜Ｆ・マリノス,27496.0,62632,12537,17
J1,2013,アルビレックス新潟,26112.0,33378,18919,17
J1,2013,ＦＣ東京,25073.0,40371,12905,17
J1,2013,セレッソ大阪,18819.0,36361,9119,17
J1,2013,川崎フロンターレ,16644.0,21657,12345,17
J1,2013,鹿島アントラーズ,16419.0,32305,6681,17
J1,2013,サンフレッチェ広島,16209.0,27911,10045,17
J1,2013,名古屋,16135.0,30478,9237,17
J1,2013,ベガルタ仙台,14866.0,17892,11755,17
J1,2013,清水エスパルス,14137.0,21420,9238,17
J1,2013,ヴァンフォーレ甲府,12614.0,28906,7754,17
J1,2013,柏レイソル,12553.0,34021,7013,17
J1,2013,サガン鳥栖,12026.0,22530,6292,17
J1,2013,大分トリニータ,11915.0,23814,7067,17
J1,2013,ＲＢ大宮アルディージャ,11138.0,13365,7412,17
J1,2013,ジュビロ磐田,10895.0,20049,5698,17
J1,2013,湘南ベルマーレ,9911.0,13786,6080,17
J1,2012,浦和レッズ,36634.0,51879,25743,17
J1,2012,アルビレックス新潟,25018.0,35506,15854,17
J1,2012,ＦＣ東京,23956.0,34822,16229,17
J1,2012,横浜Ｆ・マリノス,22946.0,36412,7101,17
J1,2012,川崎フロンターレ,17807.0,20996,12509,17
J1,2012,サンフレッチェ広島,17721.0,32724,11123,17
J1,2012,名古屋,17155.0,30354,7959,17
J1,2012,セレッソ大阪,16913.0,36723,8226,17
J1,2012,ベガルタ仙台,16600.0,18722,11831,17
J1,2012,鹿島アントラーズ,15381.0,23507,10626,17
J1,2012,清水エスパルス,15121.0,23188,8710,17
J1,2012,ガンバ大阪,14778.0,19393,8218,17
J1,2012,ヴィッセル神戸,14638.0,22766,8755,17
J1,2012,柏レイソル,13769.0,26106,10351,17
J1,2012,ジュビロ磐田,13122.0,28745,8978,17
J1,2012,北海道コンサドーレ札幌,12008.0,25353,6870,17
J1,2012,サガン鳥栖,11991.0,22116,5432,17
J1,2012,ＲＢ大宮アルディージャ,10637.0,12709,7936,17
J1,2011,浦和レッズ,33910.0,54441,20240,17
J1,2011,アルビレックス新潟,26049.0,37830,13644,17
J1,2011,横浜Ｆ・マリノス,21038.0,37725,7104,17
J1,2011,川崎フロンターレ,17340.0,20973,13111,17
J1,2011,名古屋,16741.0,28515,6793,17
J1,2011,ガンバ大阪,16411.0,20991,11364,17
J1,2011,鹿島アントラーズ,16156.0,25061,7810,17
J1,2011,清水エスパルス,15801.0,21524,10745,17
J1,2011,ベガルタ仙台,15656.0,19224,11356,17
J1,2011,セレッソ大阪,14145.0,37172,5351,17
J1,2011,ヴィッセル神戸,13233.0,19913,6151,17
J1,2011,サンフレッチェ広島,13203.0,18788,7099,17
J1,2011,ヴァンフォーレ甲府,12106.0,21589,6893,17
J1,2011,柏レイソル,11917.0,30807,6855,17
J1,2011,ジュビロ磐田,11796.0,30516,6386,17
J1,2011,アビスパ福岡,10415.0,19421,4028,17
J1,2011,モンテディオ山形,9325.0,18008,5053,17
J1,2011,ＲＢ大宮アルディージャ,9099.0,12221,5627,17
J1,2010,浦和レッズ,39941.0,55410,21625,17
J1,2010,アルビレックス新潟,30542.0,41002,19152,17
J1,2010,横浜Ｆ・マリノス,25684.0,43025,12184,17
J1,2010,ＦＣ東京,25112.0,30672,17477,17
J1,2010,鹿島アントラーズ,20967.0,35251,9472,17
J1,2010,名古屋,19979.0,34098,7991,17
J1,2010,川崎フロンターレ,18562.0,22407,7348,17
J1,2010,清水エスパルス,18001.0,38851,7117,17
J1,2010,ベガルタ仙台,17332.0,26391,12119,17
J1,2010,ガンバ大阪,16654.0,20973,9093,17
J1,2010,セレッソ大阪,15026.0,37860,8041,17
J1,2010,サンフレッチェ広島,14562.0,23948,5334,17
J1,2010,ヴィッセル神戸,12824.0,19506,8707,17
J1,2010,ジュビロ磐田,12137.0,31266,7030,17
J1,2010,モンテディオ山形,11710.0,20231,7019,17
J1,2010,湘南ベルマーレ,11095.0,14095,6032,17
J1,2010,ＲＢ大宮アルディージャ,11064.0,29575,7831,17
J1,2010,京都サンガF.C.,10510.0,15222,6818,17
J1,2009,浦和レッズ,44210.0,53783,18777,17
J1,2009,アルビレックス新潟,33446.0,40268,24392,17
J1,2009,ＦＣ東京,25884.0,40701,18221,17
J1,2009,横浜Ｆ・マリノス,22057.0,40228,11025,17
J1,2009,鹿島アントラーズ,21617.0,37878,14473,17
J1,2009,川崎フロンターレ,18847.0,22390,14696,17
J1,2009,大分トリニータ,18428.0,24833,14163,17
J1,2009,清水エスパルス,17935.0,30851,9756,17
J1,2009,ガンバ大阪,17712.0,20394,10159,17
J1,2009,名古屋,15928.0,32435,9355,17
J1,2009,サンフレッチェ広島,15724.0,27113,9479,17
J1,2009,ジェフユナイテッド千葉,14730.0,17916,12349,17
J1,2009,ＲＢ大宮アルディージャ,13707.0,37842,7796,17
J1,2009,ジュビロ磐田,13523.0,22152,8716,17
J1,2009,ヴィッセル神戸,13068.0,20721,6002,17
J1,2009,モンテディオ山形,12056.0,20102,6554,17
J1,2009,柏レイソル,11738.0,32854,8124,17
J1,2009,京都サンガF.C.,11126.0,18121,5567,17
J1,2008,浦和レッズ,47609.0,57050,16225,17
J1,2008,アルビレックス新潟,34490.0,40359,22740,17
J1,2008,ＦＣ東京,25716.0,37154,17122,17
J1,2008,横浜Ｆ・マリノス,23682.0,61246,9583,17
J1,2008,大分トリニータ,20322.0,31744,9376,17
J1,2008,鹿島アントラーズ,19714.0,36412,6725,17
J1,2008,川崎フロンターレ,17565.0,21952,10884,17
J1,2008,清水エスパルス,16599.0,20330,13855,17
J1,2008,名古屋,16555.0,34436,7353,17
J1,2008,ガンバ大阪,16128.0,20773,10039,17
J1,2008,ジュビロ磐田,15465.0,27866,8216,17
J1,2008,東京ヴェルディ,14837.0,30517,8060,17
J1,2008,北海道コンサドーレ札幌,14547.0,28901,7010,17
J1,2008,ジェフユナイテッド千葉,14085.0,17152,8694,17
J1,2008,京都サンガF.C.,13687.0,19680,8192,17
J1,2008,ヴィッセル神戸,12981.0,23088,7839,17
J1,2008,柏レイソル,12308.0,36785,7474,17
J1,2008,ＲＢ大宮アルディージャ,9350.0,12505,6125,17
J1,2007,浦和レッズ,46668.0,62123,16709,17
J1,2007,アルビレックス新潟,38276.0,42015,31500,17
J1,2007,ＦＣ東京,25290.0,38439,17264,17
J1,2007,横浜Ｆ・マリノス,24039.0,53916,10828,17
J1,2007,大分トリニータ,19759.0,27811,14671,17
J1,2007,ガンバ大阪,17439.0,20982,12163,17
J1,2007,川崎フロンターレ,17338.0,23355,13185,17
J1,2007,ジュビロ磐田,16359.0,35072,9292,17
J1,2007,鹿島アントラーズ,16239.0,36146,8036,17
J1,2007,清水エスパルス,15951.0,20318,11460,17
J1,2007,名古屋,15585.0,34347,7553,17
J1,2007,ジェフユナイテッド千葉,14149.0,16756,9481,17
J1,2007,横浜ＦＣ,14039.0,46697,4114,17
J1,2007,ヴァンフォーレ甲府,13734.0,36756,8373,17
J1,2007,柏レイソル,12967.0,35013,8947,17
J1,2007,ヴィッセル神戸,12460.0,22236,7769,17
J1,2007,ＲＢ大宮アルディージャ,11465.0,33162,6149,17
J1,2007,サンフレッチェ広島,11424.0,22675,6037,17
J1,2006,浦和レッズ,45574.0,62241,16040,17
J1,2006,アルビレックス新潟,38709.0,42056,33993,17
J1,2006,ＦＣ東京,24096.0,41528,17033,17
J1,2006,横浜Ｆ・マリノス,23663.0,50572,11623,17
J1,2006,大分トリニータ,20350.0,28690,12843,17
J1,2006,ジュビロ磐田,18002.0,37711,10560,17
J1,2006,ガンバ大阪,16259.0,20916,8388,17
J1,2006,鹿島アントラーズ,15433.0,34236,7427,17
J1,2006,名古屋,14924.0,32109,6618,17
J1,2006,川崎フロンターレ,14340.0,23005,9430,17
J1,2006,清水エスパルス,14302.0,24920,9079,17
J1,2006,アビスパ福岡,13780.0,21545,8585,17
J1,2006,ジェフユナイテッド千葉,13393.0,17438,8567,17
J1,2006,セレッソ大阪,13026.0,30561,6282,17
J1,2006,ヴァンフォーレ甲府,12214.0,17000,8025,17
J1,2006,サンフレッチェ広島,11180.0,17564,5545,17
J1,2006,ＲＢ大宮アルディージャ,10235.0,35059,4873,17
J1,2006,京都サンガF.C.,9781.0,16492,3670,17
J1,2005,アルビレックス新潟,40114.0,41988,35337,17
J1,2005,浦和レッズ,39357.0,55476,15760,17
J1,2005,ＦＣ東京,27101.0,43104,18089,17
J1,2005,横浜Ｆ・マリノス,25713.0,53097,14450,17
J1,2005,大分トリニータ,22080.0,30048,12683,17
J1,2005,鹿島アントラーズ,18641.0,35467,7076,17
J1,2005,セレッソ大阪,17648.0,43927,5232,17
J1,2005,ジュビロ磐田,17297.0,37384,9854,17
J1,2005,ガンバ大阪,15966.0,22884,6646,17
J1,2005,ヴィッセル神戸,14913.0,25104,7643,17
J1,2005,東京ヴェルディ,14716.0,35257,3267,17
J1,2005,川崎フロンターレ,13658.0,24332,7023,17
J1,2005,名古屋,13288.0,22110,6348,17
J1,2005,清水エスパルス,12752.0,21730,7280,17
J1,2005,サンフレッチェ広島,12527.0,26083,6230,17
J1,2005,柏レイソル,12492.0,27328,6457,17
J1,2005,ＲＢ大宮アルディージャ,9980.0,30038,4556,17
J1,2005,ジェフユナイテッド千葉,9535.0,17087,4249,17
J1,2004,アルビレックス新潟,37689.0,41955,11150,15
J1,2004,浦和レッズ,36660.0,58334,18029,15
J1,2004,ＦＣ東京,25438.0,41469,16349,15
J1,2004,横浜Ｆ・マリノス,24818.0,52961,13554,15
J1,2004,大分トリニータ,21889.0,29435,14871,15
J1,2004,鹿島アントラーズ,17585.0,31965,8474,15
J1,2004,ジュビロ磐田,17126.0,29842,11505,15
J1,2004,ヴィッセル神戸,15735.0,29835,10035,15
J1,2004,名古屋,15712.0,32406,7719,15
J1,2004,東京ヴェルディ,15059.0,35556,7372,15
J1,2004,サンフレッチェ広島,14800.0,29332,5251,15
J1,2004,セレッソ大阪,14323.0,22778,7010,15
J1,2004,清水エスパルス,13568.0,39120,8230,15
J1,2004,ガンバ大阪,12517.0,18011,4429,15
J1,2004,柏レイソル,10514.0,21711,7049,15
J1,2004,ジェフユナイテッド千葉,10013.0,34793,5093,15
J1,2003,浦和レッズ,28855.0,51195,18335,15
J1,2003,横浜Ｆ・マリノス,24957.0,59728,12368,15
J1,2003,ＦＣ東京,24932.0,35109,15509,15
J1,2003,ベガルタ仙台,21708.0,33443,18696,15
J1,2003,大分トリニータ,21373.0,34823,11431,15
J1,2003,鹿島アントラーズ,21204.0,39684,14045,15
J1,2003,東京ヴェルディ,17563.0,33597,8165,15
J1,2003,ジュビロ磐田,17267.0,35313,10081,15
J1,2003,名古屋,16768.0,30199,8570,15
J1,2003,清水エスパルス,16284.0,33679,10445,15
J1,2003,セレッソ大阪,13854.0,22931,7783,15
J1,2003,ヴィッセル神戸,11195.0,17246,6325,15
J1,2003,柏レイソル,10873.0,22968,6580,15
J1,2003,京都サンガF.C.,10850.0,16614,7135,15
J1,2003,ガンバ大阪,10222.0,16146,4828,15
J1,2003,ジェフユナイテッド千葉,9709.0,29757,3452,15
J1,2002,浦和レッズ,26296.0,57902,14499,15
J1,2002,横浜Ｆ・マリノス,24108.0,52073,11515,15
J1,2002,ＦＣ東京,22173.0,45925,13024,15
J1,2002,ベガルタ仙台,21862.0,43092,17308,15
J1,2002,鹿島アントラーズ,21590.0,34011,11857,15
J1,2002,北海道コンサドーレ札幌,19140.0,32416,7236,15
J1,2002,ジュビロ磐田,16564.0,30388,9875,15
J1,2002,名古屋,16323.0,35617,7231,15
J1,2002,東京ヴェルディ,15128.0,31812,8349,15
J1,2002,清水エスパルス,14963.0,19763,11258,15
J1,2002,ガンバ大阪,12762.0,22809,4883,15
J1,2002,柏レイソル,11314.0,19588,6836,15
J1,2002,サンフレッチェ広島,10941.0,18404,6481,15
J1,2002,ヴィッセル神戸,10467.0,25837,5526,15
J1,2002,京都サンガF.C.,10352.0,20369,5112,15
J1,2002,ジェフユナイテッド千葉,7897.0,23387,3287,15
J1,2001,浦和レッズ,26720.0,60553,16808,15
J1,2001,鹿島アントラーズ,22425.0,43637,6037,15
J1,2001,ＦＣ東京,22313.0,48521,6142,15
J1,2001,北海道コンサドーレ札幌,22228.0,39319,6276,15
J1,2001,横浜Ｆ・マリノス,20595.0,41593,10166,15
J1,2001,東京ヴェルディ,19396.0,43335,6826,15
J1,2001,名古屋,16974.0,32849,8714,15
J1,2001,ジュビロ磐田,16650.0,43506,9289,15
J1,2001,清水エスパルス,15973.0,52959,6375,15
J1,2001,ヴィッセル神戸,13872.0,30813,6456,15
J1,2001,アビスパ福岡,13822.0,21281,8294,15
J1,2001,柏レイソル,12477.0,32215,5710,15
J1,2001,セレッソ大阪,11857.0,18023,7123,15
J1,2001,ガンバ大阪,11723.0,21598,6175,15
J1,2001,サンフレッチェ広島,9916.0,19423,5161,15
J1,2001,ジェフユナイテッド千葉,7818.0,15758,4014,15
J1,2000,鹿島アントラーズ,17507.0,50399,7024,15
J1,2000,横浜Ｆ・マリノス,16644.0,31056,4629,15
J1,2000,名古屋,14114.0,21935,7261,15
J1,2000,アビスパ福岡,13612.0,21084,7498,15
J1,2000,セレッソ大阪,13548.0,43193,4074,15
J1,2000,ジュビロ磐田,12534.0,17373,7531,15
J1,2000,清水エスパルス,12422.0,19539,7356,15
J1,2000,ＦＣ東京,11807.0,33892,4049,15
J1,2000,柏レイソル,10037.0,14872,6430,15
J1,2000,ガンバ大阪,9795.0,21543,4182,15
J1,2000,サンフレッチェ広島,8865.0,20876,4175,15
J1,2000,東京ヴェルディ,7609.0,16164,3671,15
J1,2000,ヴィッセル神戸,7512.0,15809,2738,15
J1,2000,川崎フロンターレ,7439.0,16843,3854,15
J1,2000,京都サンガF.C.,7253.0,14353,4521,15
J1,2000,ジェフユナイテッド千葉,6338.0,17953,3296,15
J1,1999,浦和レッズ,21276.0,46401,13329,15
J1,1999,横浜Ｆ・マリノス,20095.0,44028,7759,15
J1,1999,鹿島アントラーズ,17049.0,51575,6994,15
J1,1999,名古屋,14688.0,22741,9105,15
J1,1999,清水エスパルス,12883.0,20059,8237,15
J1,1999,ジュビロ磐田,12273.0,17337,6016,15
J1,1999,アビスパ福岡,11467.0,19094,5295,15
J1,1999,セレッソ大阪,10216.0,26290,3964,15
J1,1999,柏レイソル,10122.0,15849,5166,15
J1,1999,東京ヴェルディ,9379.0,20126,3507,15
J1,1999,サンフレッチェ広島,9377.0,18263,3812,15
J1,1999,京都サンガF.C.,8859.0,20020,3441,15
J1,1999,ガンバ大阪,7996.0,17807,2720,15
J1,1999,ヴィッセル神戸,7691.0,12990,2411,15
J1,1999,湘南ベルマーレ,7388.0,20371,2812,15
J1,1999,ジェフユナイテッド千葉,5774.0,15521,2575,15
J1,1998,浦和レッズ,22706.0,46547,16971,17
J1,1998,横浜Ｆ・マリノス,19165.0,52083,6773,17
J1,1998,横浜フリューゲルス,15895.0,53598,3762,17
J1,1998,鹿島アントラーズ,15345.0,16944,13824,17
J1,1998,名古屋,13994.0,23932,7075,17
J1,1998,東京ヴェルディ,13338.0,33780,3403,17
J1,1998,ジュビロ磐田,12867.0,17337,8124,17
J1,1998,清水エスパルス,12298.0,19544,9314,17
J1,1998,北海道コンサドーレ札幌,11953.0,19739,5118,17
J1,1998,湘南ベルマーレ,10158.0,24300,4251,17
J1,1998,アビスパ福岡,10035.0,17722,5591,17
J1,1998,柏レイソル,9932.0,26021,4551,17
J1,1998,セレッソ大阪,9864.0,16145,5653,17
J1,1998,ガンバ大阪,8723.0,19526,3282,17
J1,1998,サンフレッチェ広島,8339.0,17020,4132,17
J1,1998,京都サンガF.C.,8015.0,15454,3847,17
J1,1998,ヴィッセル神戸,7686.0,13589,2091,17
J1,1998,ジェフユナイテッド千葉,5365.0,11538,2513,17
J1,1997,浦和レッズ,20504.0,38707,14937,16
J1,1997,鹿島アントラーズ,16985.0,31083,15176,16
J1,1997,名古屋,14750.0,20425,6266,16
J1,1997,東京ヴェルディ,10933.0,30211,5087,16
J1,1997,ジュビロ磐田,10448.0,17117,5065,16
J1,1997,横浜フリューゲルス,10084.0,23903,4601,16
J1,1997,清水エスパルス,9888.0,17756,6177,16
J1,1997,横浜Ｆ・マリノス,9211.0,17222,4541,16
J1,1997,セレッソ大阪,9153.0,27734,4110,16
J1,1997,柏レイソル,8664.0,25027,5034,16
J1,1997,アビスパ福岡,8653.0,16354,5317,16
J1,1997,ガンバ大阪,8443.0,16071,4716,16
J1,1997,京都サンガF.C.,7881.0,16109,4061,16
J1,1997,湘南ベルマーレ,7841.0,19167,4875,16
J1,1997,ヴィッセル神戸,6567.0,13253,2568,16
J1,1997,サンフレッチェ広島,6533.0,10504,4156,16
J1,1997,ジェフユナイテッド千葉,5693.0,16484,2245,16
J1,1996,浦和レッズ,24329.0,50974,5611,15
J1,1996,名古屋,21699.0,23861,20679,15
J1,1996,東京ヴェルディ,17653.0,45555,10021,15
J1,1996,鹿島アントラーズ,15386.0,16234,10643,15
J1,1996,横浜Ｆ・マリノス,14589.0,28584,8395,15
J1,1996,横浜フリューゲルス,13877.0,45159,5321,15
J1,1996,ジュビロ磐田,13792.0,17543,11924,15
J1,1996,柏レイソル,13033.0,35926,6093,15
J1,1996,清水エスパルス,12962.0,21931,7348,15
J1,1996,ジェフユナイテッド千葉,12009.0,40016,7142,15
J1,1996,湘南ベルマーレ,10483.0,31699,5365,15
J1,1996,アビスパ福岡,9737.0,17323,5309,15
J1,1996,京都サンガF.C.,9404.0,18058,5231,15
J1,1996,サンフレッチェ広島,8469.0,18863,4491,15
J1,1996,セレッソ大阪,8229.0,13069,5896,15
J1,1996,ガンバ大阪,8004.0,13517,5025,15
J1,1995,名古屋,21463.0,36770,11139,26
J1,1995,東京ヴェルディ,20834.0,50820,12035,26
J1,1995,清水エスパルス,19747.0,43502,12611,26
J1,1995,浦和レッズ,19560.0,56652,9168,26
J1,1995,鹿島アントラーズ,19141.0,50093,15144,26
J1,1995,横浜Ｆ・マリノス,18326.0,52699,10331,26
J1,1995,ジュビロ磐田,17313.0,31774,10554,26
J1,1995,湘南ベルマーレ,16111.0,44152,8320,26
J1,1995,柏レイソル,16102.0,46294,10038,26
J1,1995,横浜フリューゲルス,15802.0,41239,9086,26
J1,1995,ジェフユナイテッド千葉,15418.0,52149,7449,26
J1,1995,ガンバ大阪,13310.0,19486,7320,26
J1,1995,セレッソ大阪,12097.0,35236,8098,26
J1,1995,サンフレッチェ広島,11689.0,20265,7012,26
J1,1994,東京ヴェルディ,24926.0,54657,10571,22
J1,1994,ガンバ大阪,22368.0,37292,12568,22
J1,1994,ジェフユナイテッド千葉,22262.0,54656,9597,22
J1,1994,名古屋,21842.0,50375,11488,22
J1,1994,横浜Ｆ・マリノス,19801.0,51390,12821,22
J1,1994,清水エスパルス,19726.0,52218,9652,22
J1,1994,横浜フリューゲルス,19438.0,55014,10130,22
J1,1994,浦和レッズ,18475.0,55125,7854,22
J1,1994,湘南ベルマーレ,17836.0,48640,10797,22
J1,1994,サンフレッチェ広島,17191.0,42505,8523,22
J1,1994,鹿島アントラーズ,16812.0,50724,13734,22
J1,1994,ジュビロ磐田,14497.0,15377,12177,22
J1,1993,東京ヴェルディ,25235.0,59626,9816,18
J1,1993,ガンバ大阪,21571.0,41054,13069,18
J1,1993,ジェフユナイテッド千葉,20273.0,53570,8941,18
J1,1993,名古屋,19858.0,56335,10898,18
J1,1993,清水エスパルス,18462.0,51825,8699,18
J1,1993,横浜Ｆ・マリノス,16781.0,53376,10332,18
J1,1993,サンフレッチェ広島,16644.0,36863,9672,18
J1,1993,横浜フリューゲルス,15464.0,51082,7469,18
J1,1993,鹿島アントラーズ,14016.0,15777,9403,18
J1,1993,浦和レッズ,11459.0,50348,8258,18
J2,2025,Ｖ・ファーレン長崎,15647.8,19614,9572,18
J2,2025,ジェフユナイテッド千葉,15448.2,49991,9367,17
J2,2025,北海道コンサドーレ札幌,14239.8,22292,9417,18
J2,2025,ベガルタ仙台,13411.8,18317,7679,17
J2,2025,ジュビロ磐田,12228.8,27377,7902,18
J2,2025,ＲＢ大宮アルディージャ,11255.0,13418,8868,18
J2,2025,モンテディオ山形,10776.2,16161,7432,17
J2,2025,大分トリニータ,10358.9,17087,7365,18
J2,2025,サガン鳥栖,9252.2,17548,5405,18
J2,2025,ヴァンフォーレ甲府,8325.6,12045,4415,18
J2,2025,徳島ヴォルティス,6860.6,13310,4512,17
J2,2025,ロアッソ熊本,6708.6,18340,3772,18
J2,2025,カターレ富山,5566.9,8484,3089,17
J2,2025,レノファ山口ＦＣ,5535.5,10451,3503,17
J2,2025,水戸ホーリーホック,5517.9,9897,2610,17
J2,2025,藤枝ＭＹＦＣ,4843.3,9470,2950,18
J2,2025,ＦＣ今治,4782.8,5369,3542,18
J2,2025,愛媛ＦＣ,4649.8,9352,2735,18
J2,2025,ブラウブリッツ秋田,4583.5,7795,2882,17
J2,2025,いわきＦＣ,4336.1,5046,3502,18
J2,2024,清水エスパルス,17750.0,55598,9520,19
J2,2024,ベガルタ仙台,13331.0,19007,7841,19
J2,2024,ジェフユナイテッド千葉,10431.0,16740,5603,19
J2,2024,大分トリニータ,10360.0,28359,6276,19
J2,2024,モンテディオ山形,10265.0,19316,5616,19
J2,2024,Ｖ・ファーレン長崎,9814.0,19902,3702,19
J2,2024,ファジアーノ岡山,9188.0,15269,5480,19
J2,2024,ヴァンフォーレ甲府,8274.0,14268,4792,19
J2,2024,横浜ＦＣ,6963.0,12735,4617,19
J2,2024,鹿児島ユナイテッドＦＣ,6596.0,10406,3208,19
J2,2024,栃木SCＳＣ,6238.0,16476,3417,19
J2,2024,ロアッソ熊本,6177.0,15502,2998,19
J2,2024,レノファ山口ＦＣ,6089.0,11575,2158,19
J2,2024,徳島ヴォルティス,6054.0,12227,3402,19
J2,2024,愛媛ＦＣ,4721.0,9039,2853,19
J2,2024,水戸ホーリーホック,4406.0,10488,2575,19
J2,2024,いわきＦＣ,4290.0,5056,2293,19
J2,2024,藤枝ＭＹＦＣ,4274.0,10667,1997,19
J2,2024,ブラウブリッツ秋田,4128.0,7467,2220,19
J2,2024,ザスパ群馬,3988.0,11271,1255,19
J2,2023,清水エスパルス,14393.0,47628,6104,21
J2,2023,ベガルタ仙台,11215.0,15163,8740,21
J2,2023,ジュビロ磐田,10446.0,24247,4355,21
J2,2023,大分トリニータ,9202.0,15705,5744,21
J2,2023,ジェフユナイテッド千葉,8523.0,15201,5317,21
J2,2023,ファジアーノ岡山,8495.0,15695,4254,21
J2,2023,モンテディオ山形,8318.0,14618,5390,21
J2,2023,東京ヴェルディ,7982.0,17802,2805,21
J2,2023,ヴァンフォーレ甲府,7485.0,11643,4541,21
J2,2023,ＦＣ町田ゼルビア,7427.0,38402,2903,21
J2,2023,Ｖ・ファーレン長崎,7300.0,13893,3815,21
J2,2023,ＲＢ大宮アルディージャ,6758.0,11827,3427,21
J2,2023,ロアッソ熊本,6278.0,17805,2884,21
J2,2023,徳島ヴォルティス,5976.0,13199,3126,21
J2,2023,栃木SCＳＣ,5834.0,10741,2901,21
J2,2023,レノファ山口ＦＣ,4407.0,7022,2223,21
J2,2023,ツエーゲン金沢,4225.0,9277,1516,21
J2,2023,ザスパ群馬,4121.0,10823,1493,21
J2,2023,水戸ホーリーホック,3726.0,9219,2349,21
J2,2023,いわきＦＣ,3491.0,5044,2011,21
J2,2023,藤枝ＭＹＦＣ,3145.0,6288,1511,21
J2,2023,ブラウブリッツ秋田,3139.0,5193,1603,21
J2,2022,アルビレックス新潟,14954.0,32979,7556,21
J2,2022,アルビレックス新潟,14954.0,32979,7556,21
J2,2022,ベガルタ仙台,8991.0,15372,5447,21
J2,2022,ベガルタ仙台,8991.0,15372,5447,21
J2,2022,ファジアーノ岡山,7065.0,12570,4201,21
J2,2022,ファジアーノ岡山,7065.0,12570,4201,21
J2,2022,大分トリニータ,6618.0,12187,3348,21
J2,2022,大分トリニータ,6618.0,12187,3348,21
J2,2022,モンテディオ山形,6451.0,12072,3873,21
J2,2022,モンテディオ山形,6451.0,12072,3873,21
J2,2022,ジェフユナイテッド千葉,5775.0,8639,3236,21
J2,2022,ジェフユナイテッド千葉,5775.0,8639,3236,21
J2,2022,ＲＢ大宮アルディージャ,5272.0,8279,3526,21
J2,2022,ＲＢ大宮アルディージャ,5272.0,8279,3526,21
J2,2022,横浜ＦＣ,5088.0,9100,2277,21
J2,2022,横浜ＦＣ,5088.0,9100,2277,21
J2,2022,Ｖ・ファーレン長崎,5061.0,10345,2582,21
J2,2022,Ｖ・ファーレン長崎,5061.0,10345,2582,21
J2,2022,東京ヴェルディ,4955.0,12846,1598,21
J2,2022,東京ヴェルディ,4955.0,12846,1598,21
J2,2022,ヴァンフォーレ甲府,4930.0,9095,3037,21
J2,2022,ヴァンフォーレ甲府,4930.0,9095,3037,21
J2,2022,栃木SCＳＣ,4429.0,12490,2085,21
J2,2022,栃木SCＳＣ,4429.0,12490,2085,21
J2,2022,徳島ヴォルティス,4224.0,7807,2316,21
J2,2022,徳島ヴォルティス,4224.0,7807,2316,21
J2,2022,ロアッソ熊本,4039.0,21508,1671,21
J2,2022,ロアッソ熊本,4039.0,21508,1671,21
J2,2022,レノファ山口ＦＣ,3661.0,7642,2299,21
J2,2022,レノファ山口ＦＣ,3661.0,7642,2299,21
J2,2022,ツエーゲン金沢,3421.0,11859,938,21
J2,2022,ツエーゲン金沢,3421.0,11859,938,21
J2,2022,ＦＣ町田ゼルビア,3243.0,6287,1814,21
J2,2022,ＦＣ町田ゼルビア,3243.0,6287,1814,21
J2,2022,水戸ホーリーホック,3140.0,6296,1731,21
J2,2022,水戸ホーリーホック,3140.0,6296,1731,21
J2,2022,ザスパ群馬,3076.0,5867,1324,21
J2,2022,ザスパ群馬,3076.0,5867,1324,21
J2,2022,ブラウブリッツ秋田,2283.0,5404,954,21
J2,2022,ブラウブリッツ秋田,2283.0,5404,954,21
J2,2022,ＦＣ琉球,1996.0,4537,608,21
J2,2022,いわてグルージャ盛岡,1749.0,3256,681,21
J2,2022,いわてグルージャ盛岡,1749.0,3256,681,21
J2,2021,アルビレックス新潟,10879.0,14759,7617,21
J2,2021,アルビレックス新潟,10879.0,14759,7617,21
J2,2021,松本山雅ＦＣ,6154.0,7811,3904,21
J2,2021,松本山雅ＦＣ,6154.0,7811,3904,21
J2,2021,ジュビロ磐田,5968.0,13652,3773,21
J2,2021,ジュビロ磐田,5968.0,13652,3773,21
J2,2021,京都サンガF.C.,5749.0,9900,3220,19
J2,2021,京都サンガF.C.,5749.0,9900,3220,19
J2,2021,モンテディオ山形,5082.0,8340,2451,21
J2,2021,モンテディオ山形,5082.0,8340,2451,21
J2,2021,Ｖ・ファーレン長崎,4956.0,8025,2232,21
J2,2021,Ｖ・ファーレン長崎,4956.0,8025,2232,21
J2,2021,ファジアーノ岡山,4361.0,6813,2735,20
J2,2021,ファジアーノ岡山,4361.0,6813,2735,20
J2,2021,ヴァンフォーレ甲府,4325.0,6072,2223,21
J2,2021,ヴァンフォーレ甲府,4325.0,6072,2223,21
J2,2021,ＲＢ大宮アルディージャ,4311.0,5712,2531,21
J2,2021,ＲＢ大宮アルディージャ,4311.0,5712,2531,21
J2,2021,ジェフユナイテッド千葉,4068.0,6732,3077,21
J2,2021,ジェフユナイテッド千葉,4068.0,6732,3077,21
J2,2021,栃木SCＳＣ,3861.0,8209,900,21
J2,2021,栃木SCＳＣ,3861.0,8209,900,21
J2,2021,東京ヴェルディ,3588.0,7505,1743,19
J2,2021,東京ヴェルディ,3588.0,7505,1743,19
J2,2021,レノファ山口ＦＣ,3011.0,4862,1293,21
J2,2021,レノファ山口ＦＣ,3011.0,4862,1293,21
J2,2021,ギラヴァンツ北九州,2974.0,5638,2106,21
J2,2021,ギラヴァンツ北九州,2974.0,5638,2106,21
J2,2021,ＦＣ町田ゼルビア,2706.0,5433,1432,20
J2,2021,ＦＣ町田ゼルビア,2706.0,5433,1432,20
J2,2021,水戸ホーリーホック,2696.0,4574,1400,21
J2,2021,水戸ホーリーホック,2696.0,4574,1400,21
J2,2021,ツエーゲン金沢,2534.0,4674,957,21
J2,2021,ツエーゲン金沢,2534.0,4674,957,21
J2,2021,ＳＣ相模原,2372.0,4369,727,21
J2,2021,ＳＣ相模原,2372.0,4369,727,21
J2,2021,ザスパ群馬,2187.0,4816,975,20
J2,2021,ザスパ群馬,2187.0,4816,975,20
J2,2021,ＦＣ琉球,2124.0,3871,559,16
J2,2021,ブラウブリッツ秋田,2097.0,3961,1084,21
J2,2021,ブラウブリッツ秋田,2097.0,3961,1084,21
J2,2021,愛媛ＦＣ,1854.0,3369,826,21
J2,2021,愛媛ＦＣ,1854.0,3369,826,21
J2,2020,アルビレックス新潟,5629.0,9355,3058,20
J2,2020,アルビレックス新潟,5629.0,9355,3058,20
J2,2020,Ｖ・ファーレン長崎,4479.0,9436,2755,20
J2,2020,Ｖ・ファーレン長崎,4479.0,9436,2755,20
J2,2020,松本山雅ＦＣ,4174.0,7560,1868,20
J2,2020,松本山雅ＦＣ,4174.0,7560,1868,20
J2,2020,アビスパ福岡,3925.0,9006,1595,20
J2,2020,アビスパ福岡,3925.0,9006,1595,20
J2,2020,ジュビロ磐田,3548.0,14526,1558,20
J2,2020,ジュビロ磐田,3548.0,14526,1558,20
J2,2020,ギラヴァンツ北九州,3520.0,13574,1499,20
J2,2020,ギラヴァンツ北九州,3520.0,13574,1499,20
J2,2020,京都サンガF.C.,3321.0,8589,1616,20
J2,2020,京都サンガF.C.,3321.0,8589,1616,20
J2,2020,徳島ヴォルティス,3256.0,9033,1262,20
J2,2020,徳島ヴォルティス,3256.0,9033,1262,20
J2,2020,ファジアーノ岡山,3226.0,12434,1181,20
J2,2020,ファジアーノ岡山,3226.0,12434,1181,20
J2,2020,モンテディオ山形,3092.0,5435,1355,20
J2,2020,モンテディオ山形,3092.0,5435,1355,20
J2,2020,ジェフユナイテッド千葉,2917.0,9701,1409,20
J2,2020,ジェフユナイテッド千葉,2917.0,9701,1409,20
J2,2020,栃木SCＳＣ,2649.0,10767,944,20
J2,2020,栃木SCＳＣ,2649.0,10767,944,20
J2,2020,ＲＢ大宮アルディージャ,2642.0,4549,1312,20
J2,2020,ＲＢ大宮アルディージャ,2642.0,4549,1312,20
J2,2020,ヴァンフォーレ甲府,2609.0,5309,1500,20
J2,2020,ヴァンフォーレ甲府,2609.0,5309,1500,20
J2,2020,東京ヴェルディ,2551.0,5181,1243,20
J2,2020,東京ヴェルディ,2551.0,5181,1243,20
J2,2020,レノファ山口ＦＣ,2212.0,8424,1020,20
J2,2020,レノファ山口ＦＣ,2212.0,8424,1020,20
J2,2020,水戸ホーリーホック,2120.0,7029,948,20
J2,2020,水戸ホーリーホック,2120.0,7029,948,20
J2,2020,ツエーゲン金沢,1959.0,6928,895,20
J2,2020,ツエーゲン金沢,1959.0,6928,895,20
J2,2020,ザスパ群馬,1639.0,11038,593,20
J2,2020,ザスパ群馬,1639.0,11038,593,20
J2,2020,愛媛ＦＣ,1588.0,5681,603,20
J2,2020,愛媛ＦＣ,1588.0,5681,603,20
J2,2020,ＦＣ琉球,1377.0,3246,663,17
J2,2020,ＦＣ町田ゼルビア,1368.0,6421,508,20
J2,2020,ＦＣ町田ゼルビア,1368.0,6421,508,20
J2,2019,アルビレックス新潟,14497.0,20486,8777,21
J2,2019,アルビレックス新潟,14497.0,20486,8777,21
J2,2019,ジェフユナイテッド千葉,9701.0,14950,5885,21
J2,2019,ジェフユナイテッド千葉,9701.0,14950,5885,21
J2,2019,ＲＢ大宮アルディージャ,9478.0,12090,5874,21
J2,2019,ＲＢ大宮アルディージャ,9478.0,12090,5874,21
J2,2019,柏レイソル,9471.0,13056,6415,21
J2,2019,柏レイソル,9471.0,13056,6415,21
J2,2019,ファジアーノ岡山,9444.0,17288,5298,21
J2,2019,ファジアーノ岡山,9444.0,17288,5298,21
J2,2019,モンテディオ山形,8289.0,18721,5415,21
J2,2019,モンテディオ山形,8289.0,18721,5415,21
J2,2019,ヴァンフォーレ甲府,8273.0,15665,4870,21
J2,2019,ヴァンフォーレ甲府,8273.0,15665,4870,21
J2,2019,京都サンガF.C.,7850.0,14069,3385,21
J2,2019,京都サンガF.C.,7850.0,14069,3385,21
J2,2019,Ｖ・ファーレン長崎,7737.0,11924,4872,21
J2,2019,Ｖ・ファーレン長崎,7737.0,11924,4872,21
J2,2019,横浜ＦＣ,7061.0,12937,2111,21
J2,2019,横浜ＦＣ,7061.0,12937,2111,21
J2,2019,アビスパ福岡,6983.0,12028,3578,21
J2,2019,アビスパ福岡,6983.0,12028,3578,21
J2,2019,ＦＣ岐阜,6644.0,11787,4212,21
J2,2019,ＦＣ岐阜,6644.0,11787,4212,21
J2,2019,水戸ホーリーホック,6087.0,9874,3886,21
J2,2019,水戸ホーリーホック,6087.0,9874,3886,21
J2,2019,鹿児島ユナイテッドＦＣ,5785.0,7965,4079,21
J2,2019,鹿児島ユナイテッドＦＣ,5785.0,7965,4079,21
J2,2019,徳島ヴォルティス,5736.0,10526,3870,21
J2,2019,徳島ヴォルティス,5736.0,10526,3870,21
J2,2019,レノファ山口ＦＣ,5653.0,12105,3662,21
J2,2019,レノファ山口ＦＣ,5653.0,12105,3662,21
J2,2019,東京ヴェルディ,5371.0,8545,2331,21
J2,2019,東京ヴェルディ,5371.0,8545,2331,21
J2,2019,ツエーゲン金沢,5209.0,13070,2543,21
J2,2019,ツエーゲン金沢,5209.0,13070,2543,21
J2,2019,栃木SCＳＣ,5148.0,8426,3725,21
J2,2019,栃木SCＳＣ,5148.0,8426,3725,21
J2,2019,ＦＣ琉球,4953.0,12019,2428,21
J2,2019,ＦＣ町田ゼルビア,4718.0,8814,3009,21
J2,2019,ＦＣ町田ゼルビア,4718.0,8814,3009,21
J2,2019,愛媛ＦＣ,3780.0,7874,2540,21
J2,2019,愛媛ＦＣ,3780.0,7874,2540,21
J2,2018,アルビレックス新潟,14913.0,22465,8614,21
J2,2018,松本山雅ＦＣ,13283.0,19066,9490,21
J2,2018,ジェフユナイテッド千葉,9858.0,12440,6152,21
J2,2018,ＲＢ大宮アルディージャ,9224.0,12400,6506,21
J2,2018,大分トリニータ,8907.0,15125,4880,21
J2,2018,アビスパ福岡,8873.0,15331,6684,21
J2,2018,ファジアーノ岡山,8599.0,13851,5034,21
J2,2018,ヴァンフォーレ甲府,7384.0,10192,3130,21
J2,2018,ＦＣ岐阜,6858.0,12045,3819,21
J2,2018,モンテディオ山形,6766.0,13609,4675,21
J2,2018,横浜ＦＣ,6141.0,10978,3051,21
J2,2018,レノファ山口ＦＣ,6123.0,12927,3133,21
J2,2018,東京ヴェルディ,5936.0,10529,3048,21
J2,2018,京都サンガF.C.,5663.0,9036,2624,21
J2,2018,栃木SCＳＣ,5657.0,11562,3203,21
J2,2018,ロアッソ熊本,5269.0,10226,3206,21
J2,2018,徳島ヴォルティス,4997.0,8753,2974,21
J2,2018,水戸ホーリーホック,4938.0,7858,2736,21
J2,2018,ＦＣ町田ゼルビア,4915.0,10013,2414,21
J2,2018,ツエーゲン金沢,4528.0,9645,2108,21
J2,2018,愛媛ＦＣ,3161.0,5319,2196,21
J2,2018,カマタマーレ讃岐,3073.0,5668,1510,21
J2,2017,名古屋,15365.0,36755,7046,21
J2,2017,松本山雅ＦＣ,12147.0,15872,8982,21
J2,2017,ジェフユナイテッド千葉,9983.0,15994,6230,21
J2,2017,アビスパ福岡,9550.0,16336,6021,21
J2,2017,ファジアーノ岡山,9471.0,12286,6275,21
J2,2017,湘南ベルマーレ,8454.0,12480,4453,21
J2,2017,大分トリニータ,8063.0,11370,6136,21
J2,2017,ＦＣ岐阜,6977.0,17027,3650,21
J2,2017,京都サンガF.C.,6748.0,10750,4410,21
J2,2017,モンテディオ山形,6583.0,12743,3707,21
J2,2017,ロアッソ熊本,6557.0,13990,3944,21
J2,2017,東京ヴェルディ,6206.0,14541,2786,21
J2,2017,横浜ＦＣ,5967.0,13244,2284,21
J2,2017,Ｖ・ファーレン長崎,5941.0,22407,3189,21
J2,2017,レノファ山口ＦＣ,5454.0,9651,3369,21
J2,2017,徳島ヴォルティス,4979.0,7583,3106,21
J2,2017,水戸ホーリーホック,4931.0,9240,3023,21
J2,2017,ツエーゲン金沢,4397.0,11173,2701,21
J2,2017,ＦＣ町田ゼルビア,4056.0,8124,2383,21
J2,2017,愛媛ＦＣ,3866.0,7863,1958,21
J2,2017,ザスパ群馬,3832.0,6828,1402,21
J2,2017,カマタマーレ讃岐,3805.0,7994,1191,21
J2,2016,北海道コンサドーレ札幌,14559.0,33697,8269,21
J2,2016,松本山雅ＦＣ,13631.0,19632,10796,21
J2,2016,セレッソ大阪,12509.0,23781,8464,21
J2,2016,清水エスパルス,11274.0,16740,6552,21
J2,2016,ジェフユナイテッド千葉,10292.0,14163,7684,21
J2,2016,ファジアーノ岡山,10017.0,15204,7050,21
J2,2016,レノファ山口ＦＣ,6654.0,14532,3629,21
J2,2016,京都サンガF.C.,6524.0,12042,2884,21
J2,2016,モンテディオ山形,6254.0,14450,3189,21
J2,2016,ＦＣ岐阜,5662.0,12158,3215,21
J2,2016,ロアッソ熊本,5543.0,9727,2509,21
J2,2016,東京ヴェルディ,5402.0,9272,2752,21
J2,2016,水戸ホーリーホック,5365.0,10420,3815,21
J2,2016,ＦＣ町田ゼルビア,5123.0,10112,3448,21
J2,2016,横浜ＦＣ,4892.0,10524,2077,21
J2,2016,ザスパ群馬,4744.0,9804,2374,21
J2,2016,Ｖ・ファーレン長崎,4625.0,7901,2294,21
J2,2016,徳島ヴォルティス,4565.0,9767,3218,21
J2,2016,ツエーゲン金沢,4179.0,9316,1924,21
J2,2016,愛媛ＦＣ,4089.0,8215,2019,21
J2,2016,カマタマーレ讃岐,3686.0,11376,1924,21
J2,2016,ギラヴァンツ北九州,3224.0,5689,1795,21
J2,2015,セレッソ大阪,12232.0,17212,8047,21
J2,2015,北海道コンサドーレ札幌,11960.0,20234,6981,21
J2,2015,ジェフユナイテッド千葉,10725.0,15051,8123,21
J2,2015,ジュビロ磐田,10041.0,13576,5875,21
J2,2015,ＲＢ大宮アルディージャ,9490.0,14410,5428,21
J2,2015,アビスパ福岡,8692.0,16776,4553,21
J2,2015,ファジアーノ岡山,8412.0,15820,4346,21
J2,2015,大分トリニータ,7533.0,15152,4103,21
J2,2015,京都サンガF.C.,7491.0,16920,3206,21
J2,2015,ロアッソ熊本,7037.0,13132,3956,21
J2,2015,ＦＣ岐阜,6179.0,9296,3539,21
J2,2015,東京ヴェルディ,5655.0,16629,2691,21
J2,2015,栃木SCＳＣ,5167.0,9319,2581,21
J2,2015,横浜ＦＣ,5113.0,9663,2208,21
J2,2015,徳島ヴォルティス,5019.0,8684,3307,21
J2,2015,ツエーゲン金沢,4911.0,12353,1227,21
J2,2015,水戸ホーリーホック,4816.0,8391,2290,21
J2,2015,Ｖ・ファーレン長崎,4634.0,8854,2289,21
J2,2015,ザスパ群馬,4099.0,11303,1618,21
J2,2015,愛媛ＦＣ,3771.0,9158,1722,21
J2,2015,カマタマーレ讃岐,3658.0,10447,2152,21
J2,2015,ギラヴァンツ北九州,3488.0,8501,1939,21
J2,2014,松本山雅ＦＣ,12733.0,18496,8608,21
J2,2014,北海道コンサドーレ札幌,11060.0,20633,6646,21
J2,2014,ジェフユナイテッド千葉,9333.0,14575,5957,21
J2,2014,ジュビロ磐田,8774.0,13177,6108,21
J2,2014,湘南ベルマーレ,8478.0,14155,5963,21
J2,2014,大分トリニータ,8422.0,20636,5028,21
J2,2014,ファジアーノ岡山,8404.0,12359,6117,21
J2,2014,ＦＣ岐阜,7584.0,15138,3162,21
J2,2014,京都サンガF.C.,7520.0,12452,3680,21
J2,2014,ロアッソ熊本,7002.0,12661,3580,21
J2,2014,モンテディオ山形,6348.0,13344,4270,21
J2,2014,東京ヴェルディ,5430.0,12658,2434,21
J2,2014,栃木SCＳＣ,5294.0,9131,3155,21
J2,2014,横浜ＦＣ,5146.0,8702,2577,21
J2,2014,アビスパ福岡,5062.0,7875,3444,21
J2,2014,Ｖ・ファーレン長崎,4839.0,12638,3017,21
J2,2014,水戸ホーリーホック,4734.0,7033,3359,21
J2,2014,カターレ富山,4267.0,8018,2622,21
J2,2014,愛媛ＦＣ,3820.0,8295,2057,21
J2,2014,ザスパ群馬,3760.0,6407,1509,21
J2,2014,ギラヴァンツ北九州,3623.0,6516,1462,21
J2,2014,カマタマーレ讃岐,3317.0,10421,1450,21
J2,2013,ガンバ大阪,12286.0,18193,6559,21
J2,2013,ヴィッセル神戸,11516.0,23012,4151,21
J2,2013,松本山雅ＦＣ,11041.0,17148,7153,21
J2,2013,北海道コンサドーレ札幌,10075.0,24813,4837,21
J2,2013,ジェフユナイテッド千葉,10004.0,15982,6511,21
J2,2013,ファジアーノ岡山,8574.0,18269,6234,21
J2,2013,京都サンガF.C.,7891.0,15380,4314,21
J2,2013,モンテディオ山形,7020.0,17223,4433,21
J2,2013,東京ヴェルディ,6343.0,18705,2539,21
J2,2013,ロアッソ熊本,6227.0,12003,3339,21
J2,2013,Ｖ・ファーレン長崎,6168.0,18153,2093,21
J2,2013,横浜ＦＣ,6065.0,12490,2139,21
J2,2013,アビスパ福岡,5727.0,14526,2640,21
J2,2013,栃木SCＳＣ,4922.0,10687,2103,21
J2,2013,水戸ホーリーホック,4630.0,10025,2261,21
J2,2013,ＦＣ岐阜,4525.0,11719,2341,21
J2,2013,カターレ富山,4474.0,13639,2315,21
J2,2013,徳島ヴォルティス,4348.0,8897,1875,21
J2,2013,ガイナーレ鳥取,4097.0,10096,1530,21
J2,2013,愛媛ＦＣ,3950.0,10381,1104,21
J2,2013,ザスパ群馬,3571.0,7810,1472,21
J2,2013,ギラヴァンツ北九州,3175.0,7207,1607,21
J2,2012,ヴァンフォーレ甲府,10407.0,16643,6161,21
J2,2012,大分トリニータ,9721.0,23617,6459,21
J2,2012,松本山雅ＦＣ,9531.0,13098,4471,21
J2,2012,ジェフユナイテッド千葉,9281.0,14487,6235,21
J2,2012,ファジアーノ岡山,7985.0,12618,3946,21
J2,2012,モンテディオ山形,7355.0,11275,5036,21
J2,2012,京都サンガF.C.,7273.0,12296,2901,21
J2,2012,湘南ベルマーレ,6852.0,10918,3602,21
J2,2012,横浜ＦＣ,6039.0,9687,2639,21
J2,2012,ロアッソ熊本,5855.0,10530,3127,21
J2,2012,アビスパ福岡,5586.0,10902,3092,21
J2,2012,東京ヴェルディ,5341.0,13093,2875,21
J2,2012,ＦＣ岐阜,4270.0,11119,1791,21
J2,2012,徳島ヴォルティス,3991.0,7526,1933,21
J2,2012,水戸ホーリーホック,3973.0,6920,2241,21
J2,2012,栃木SCＳＣ,3850.0,5156,1901,21
J2,2012,愛媛ＦＣ,3629.0,6612,1950,21
J2,2012,ＦＣ町田ゼルビア,3627.0,7139,1860,21
J2,2012,ギラヴァンツ北九州,3346.0,7637,2112,21
J2,2012,ザスパ群馬,3341.0,6891,1333,21
J2,2012,カターレ富山,3324.0,6549,1692,21
J2,2012,ガイナーレ鳥取,3133.0,6629,1363,21
J2,2011,ＦＣ東京,17562.0,35911,6795,19
J2,2011,北海道コンサドーレ札幌,10482.0,39243,4609,19
J2,2011,ジェフユナイテッド千葉,9680.0,16360,6955,19
J2,2011,大分トリニータ,8779.0,27519,4859,19
J2,2011,サガン鳥栖,7731.0,22532,3724,19
J2,2011,ファジアーノ岡山,7259.0,10490,4111,19
J2,2011,湘南ベルマーレ,6943.0,10425,3680,19
J2,2011,ロアッソ熊本,6928.0,25005,2847,19
J2,2011,京都サンガF.C.,6294.0,12287,2386,19
J2,2011,横浜ＦＣ,5770.0,16813,1853,19
J2,2011,東京ヴェルディ,5710.0,28832,2164,19
J2,2011,徳島ヴォルティス,5207.0,11916,2165,19
J2,2011,栃木SCＳＣ,4939.0,9953,2493,19
J2,2011,ＦＣ岐阜,4120.0,6684,2150,19
J2,2011,ギラヴァンツ北九州,4051.0,7080,1336,19
J2,2011,ガイナーレ鳥取,3692.0,8212,1787,19
J2,2011,愛媛ＦＣ,3475.0,7634,1563,19
J2,2011,水戸ホーリーホック,3349.0,5227,1273,19
J2,2011,カターレ富山,3275.0,8663,1716,19
J2,2011,ザスパ群馬,3212.0,6520,1266,19
J2,2010,ヴァンフォーレ甲府,12406.0,16431,10163,18
J2,2010,ジェフユナイテッド千葉,11689.0,18031,8381,18
J2,2010,北海道コンサドーレ札幌,10738.0,26875,5429,18
J2,2010,大分トリニータ,10463.0,14518,4594,18
J2,2010,アビスパ福岡,8821.0,14713,5012,18
J2,2010,柏レイソル,8098.0,10768,6844,18
J2,2010,ファジアーノ岡山,7161.0,11290,4025,18
J2,2010,ロアッソ熊本,6907.0,16098,2803,18
J2,2010,サガン鳥栖,6633.0,12301,3658,18
J2,2010,横浜ＦＣ,5791.0,10809,3553,18
J2,2010,東京ヴェルディ,5572.0,25110,2512,18
J2,2010,徳島ヴォルティス,4614.0,11115,2117,18
J2,2010,カターレ富山,4463.0,10726,2542,18
J2,2010,ザスパ群馬,4424.0,9382,2232,18
J2,2010,愛媛ＦＣ,4386.0,10630,2787,18
J2,2010,ギラヴァンツ北九州,4189.0,7470,2389,18
J2,2010,栃木SCＳＣ,4157.0,6933,1913,18
J2,2010,水戸ホーリーホック,3608.0,10181,1456,18
J2,2010,ＦＣ岐阜,3108.0,5133,2006,18
J2,2009,ベガルタ仙台,12951.0,19063,7154,26
J2,2009,ヴァンフォーレ甲府,11059.0,16844,5582,25
J2,2009,北海道コンサドーレ札幌,10207.0,22707,5112,26
J2,2009,セレッソ大阪,9912.0,20727,4837,25
J2,2009,アビスパ福岡,7763.0,16531,2869,25
J2,2009,湘南ベルマーレ,7273.0,14080,3301,26
J2,2009,ファジアーノ岡山,6162.0,13228,615,25
J2,2009,ロアッソ熊本,6006.0,19321,2337,25
J2,2009,サガン鳥栖,5939.0,13211,3103,26
J2,2009,東京ヴェルディ,5521.0,9378,2564,26
J2,2009,栃木SCＳＣ,4706.0,15857,1819,25
J2,2009,ザスパ群馬,4330.0,8276,1579,26
J2,2009,ＦＣ岐阜,4302.0,9113,1492,25
J2,2009,徳島ヴォルティス,4073.0,13473,1842,26
J2,2009,カターレ富山,3740.0,5520,1862,25
J2,2009,愛媛ＦＣ,3694.0,12851,1633,26
J2,2009,横浜ＦＣ,3535.0,5489,1541,26
J2,2009,水戸ホーリーホック,2673.0,8463,1206,25
J2,2008,ベガルタ仙台,14080.0,23745,10317,21
J2,2008,サンフレッチェ広島,10840.0,19349,4622,21
J2,2008,セレッソ大阪,10554.0,21200,5554,21
J2,2008,ヴァンフォーレ甲府,10354.0,14521,7267,21
J2,2008,アビスパ福岡,10079.0,15158,5729,21
J2,2008,サガン鳥栖,7261.0,21029,3869,21
J2,2008,横浜ＦＣ,6793.0,36945,2536,21
J2,2008,モンテディオ山形,6273.0,15422,2479,21
J2,2008,湘南ベルマーレ,5994.0,11660,3543,21
J2,2008,ロアッソ熊本,5279.0,20635,2026,21
J2,2008,ザスパ群馬,4215.0,8096,1819,21
J2,2008,徳島ヴォルティス,3862.0,11897,2146,21
J2,2008,ＦＣ岐阜,3745.0,8374,2028,21
J2,2008,愛媛ＦＣ,3704.0,7809,2088,21
J2,2008,水戸ホーリーホック,3044.0,5573,1036,21
J2,2007,ベガルタ仙台,14685.0,19033,11301,24
J2,2007,北海道コンサドーレ札幌,12112.0,32599,2161,24
J2,2007,アビスパ福岡,9529.0,17361,2724,24
J2,2007,東京ヴェルディ,7327.0,16342,2481,24
J2,2007,京都サンガF.C.,6629.0,17163,2507,24
J2,2007,セレッソ大阪,6627.0,20170,2711,24
J2,2007,サガン鳥栖,6114.0,16661,2860,24
J2,2007,湘南ベルマーレ,4677.0,7968,3092,24
J2,2007,モンテディオ山形,4243.0,9190,1944,24
J2,2007,ザスパ群馬,3808.0,6817,2061,24
J2,2007,愛媛ＦＣ,3318.0,6381,1933,24
J2,2007,徳島ヴォルティス,3289.0,6566,1802,24
J2,2007,水戸ホーリーホック,2415.0,6543,958,24
J2,2006,ベガルタ仙台,14453.0,18648,10529,24
J2,2006,北海道コンサドーレ札幌,10478.0,18547,3896,24
J2,2006,柏レイソル,8328.0,11471,4464,24
J2,2006,サガン鳥栖,7465.0,18231,4121,24
J2,2006,ヴィッセル神戸,6910.0,15407,3750,24
J2,2006,東京ヴェルディ,5705.0,11176,2982,24
J2,2006,湘南ベルマーレ,5365.0,10723,2551,24
J2,2006,横浜ＦＣ,5119.0,11472,2690,24
J2,2006,モンテディオ山形,5085.0,13043,2236,24
J2,2006,愛媛ＦＣ,4139.0,10922,2091,24
J2,2006,ザスパ群馬,3736.0,6355,1608,24
J2,2006,徳島ヴォルティス,3477.0,6970,1257,24
J2,2006,水戸ホーリーホック,3017.0,9482,1019,24
J2,2005,ベガルタ仙台,15934.0,19128,11695,22
J2,2005,北海道コンサドーレ札幌,11133.0,20374,4959,22
J2,2005,アビスパ福岡,10786.0,20841,6620,22
J2,2005,京都サンガF.C.,7857.0,14170,4221,22
J2,2005,サガン鳥栖,7855.0,13039,4467,22
J2,2005,ヴァンフォーレ甲府,6931.0,14234,4903,22
J2,2005,モンテディオ山形,5949.0,19418,1647,22
J2,2005,横浜ＦＣ,5938.0,12849,2863,22
J2,2005,湘南ベルマーレ,5746.0,14203,3521,22
J2,2005,徳島ヴォルティス,4366.0,8226,2205,22
J2,2005,ザスパ群馬,3959.0,7314,1344,22
J2,2005,水戸ホーリーホック,3334.0,8158,1371,22
J2,2004,ベガルタ仙台,16198.0,18751,12023,22
J2,2004,北海道コンサドーレ札幌,9466.0,19873,5061,22
J2,2004,川崎フロンターレ,9148.0,20043,4402,22
J2,2004,アビスパ福岡,8743.0,15444,5130,22
J2,2004,京都サンガF.C.,7808.0,10579,3124,22
J2,2004,モンテディオ山形,6420.0,20062,2964,22
J2,2004,ヴァンフォーレ甲府,6370.0,10121,2401,22
J2,2004,ＲＢ大宮アルディージャ,6108.0,12004,1901,22
J2,2004,湘南ベルマーレ,4691.0,9879,2711,22
J2,2004,横浜ＦＣ,4219.0,12180,2011,22
J2,2004,水戸ホーリーホック,3773.0,9155,1338,22
J2,2004,サガン鳥栖,3610.0,9565,2269,22
J2,2003,アルビレックス新潟,30339.0,42223,8644,22
J2,2003,北海道コンサドーレ札幌,10766.0,23590,3653,22
J2,2003,サンフレッチェ広島,9000.0,26158,3471,22
J2,2003,アビスパ福岡,7417.0,13921,3448,22
J2,2003,川崎フロンターレ,7258.0,22087,2438,22
J2,2003,ヴァンフォーレ甲府,5796.0,13043,2382,22
J2,2003,ＲＢ大宮アルディージャ,5058.0,20686,1357,22
J2,2003,湘南ベルマーレ,4731.0,8276,2772,22
J2,2003,モンテディオ山形,4370.0,10096,2743,22
J2,2003,横浜ＦＣ,3743.0,8574,1851,22
J2,2003,サガン鳥栖,3172.0,5756,1585,22
J2,2003,水戸ホーリーホック,3085.0,5889,1337,22
J2,2002,アルビレックス新潟,21478.0,42211,9125,22
J2,2002,大分トリニータ,12349.0,27431,3094,22
J2,2002,セレッソ大阪,7952.0,32067,3067,22
J2,2002,アビスパ福岡,6491.0,14475,3284,22
J2,2002,ＲＢ大宮アルディージャ,5266.0,19782,2517,22
J2,2002,川崎フロンターレ,5247.0,20405,3044,22
J2,2002,ヴァンフォーレ甲府,4914.0,13000,2954,22
J2,2002,湘南ベルマーレ,4551.0,9739,2120,22
J2,2002,サガン鳥栖,3890.0,8464,1796,22
J2,2002,モンテディオ山形,3755.0,8996,1908,22
J2,2002,横浜ＦＣ,3477.0,11118,1518,22
J2,2002,水戸ホーリーホック,2739.0,5576,1136,22
J2,2001,アルビレックス新潟,16659.0,42011,2373,22
J2,2001,ベガルタ仙台,14011.0,19412,8282,22
J2,2001,大分トリニータ,6638.0,29226,1847,22
J2,2001,モンテディオ山形,4391.0,17396,1803,22
J2,2001,湘南ベルマーレ,4112.0,6614,2884,22
J2,2001,ＲＢ大宮アルディージャ,3864.0,7038,1665,22
J2,2001,京都サンガF.C.,3808.0,12700,1705,22
J2,2001,川崎フロンターレ,3784.0,8126,1169,22
J2,2001,サガン鳥栖,3479.0,12810,1488,22
J2,2001,ヴァンフォーレ甲府,3130.0,5541,1508,22
J2,2001,横浜ＦＣ,3007.0,7174,1311,22
J2,2001,水戸ホーリーホック,1559.0,3472,754,22
J2,2000,浦和レッズ,16923.0,20207,13408,20
J2,2000,北海道コンサドーレ札幌,12910.0,19863,3162,20
J2,2000,ベガルタ仙台,8885.0,18706,5033,20
J2,2000,湘南ベルマーレ,4968.0,14868,2186,20
J2,2000,大分トリニータ,4818.0,14639,1863,20
J2,2000,アルビレックス新潟,4007.0,11662,1786,20
J2,2000,サガン鳥栖,3715.0,10177,1869,20
J2,2000,ＲＢ大宮アルディージャ,3477.0,9499,844,20
J2,2000,モンテディオ山形,3468.0,11671,1252,20
J2,2000,水戸ホーリーホック,2021.0,6155,721,20
J2,2000,ヴァンフォーレ甲府,1850.0,6005,724,20
J2,1999,北海道コンサドーレ札幌,10986.0,17427,4317,18
J2,1999,ベガルタ仙台,7470.0,16535,2568,18
J2,1999,川崎フロンターレ,5396.0,13812,2425,18
J2,1999,アルビレックス新潟,4211.0,9327,2045,18
J2,1999,大分トリニータ,3886.0,15702,1431,18
J2,1999,ＦＣ東京,3498.0,7325,1501,18
J2,1999,サガン鳥栖,3385.0,5797,1838,18
J2,1999,モンテディオ山形,2980.0,5836,1812,18
J2,1999,ＲＢ大宮アルディージャ,2674.0,5609,1296,18
J2,1999,ヴァンフォーレ甲府,1469.0,3807,619,18
J3,2025,松本山雅ＦＣ,7948.2,11961,1529,17
J3,2025,鹿児島ユナイテッドＦＣ,6684.3,10238,3457,18
J3,2025,栃木ＳＣ,5453.1,12807,2015,17
J3,2025,ギラヴァンツ北九州,5359.0,15242,2891,17
J3,2025,ツエーゲン金沢,5231.4,8463,3517,17
J3,2025,ＦＣ岐阜,4734.9,7508,2270,16
J3,2025,ＡＣ長野パルセイロ,4374.1,10677,2297,17
J3,2025,ザスパ群馬,3354.6,8574,1391,18
J3,2025,アスルクラロ沼津,3317.4,7029,1437,17
J3,2025,栃木シティ,2949.8,4155,1133,18
J3,2025,ガイナーレ鳥取,2864.9,11995,1491,17
J3,2025,ＳＣ相模原,2810.8,7735,941,16
J3,2025,ＦＣ琉球,2713.5,7726,1178,17
J3,2025,ＦＣ大阪,2661.8,5163,374,17
J3,2025,高知ユナイテッドSC,2447.4,5038,1246,16
J3,2025,福島ユナイテッドＦＣ,2365.2,8698,844,17
J3,2025,ヴァンラーレ八戸,2260.9,3827,1082,18
J3,2025,テゲバジャーロ宮崎,2233.5,8032,944,17
J3,2025,奈良クラブ,2167.1,5349,1048,18
J3,2025,カマタマーレ讃岐,2148.3,4090,1150,17
J3,2024,松本山雅ＦＣ,8490.0,14411,5213,19
J3,2024,ＲＢ大宮アルディージャ,7472.0,11274,4145,19
J3,2024,ツエーゲン金沢,5435.0,9229,2434,19
J3,2024,ＦＣ岐阜,4684.0,8284,2795,19
J3,2024,ギラヴァンツ北九州,4649.0,12448,2290,19
J3,2024,ＡＣ長野パルセイロ,4158.0,11965,1957,19
J3,2024,カターレ富山,4092.0,9700,2034,19
J3,2024,ＦＣ今治,3786.0,5078,2249,19
J3,2024,ＦＣ琉球,3007.0,8755,2070,19
J3,2024,ＳＣ相模原,2820.0,7248,1238,19
J3,2024,アスルクラロ沼津,2633.0,7162,1290,19
J3,2024,ＦＣ大阪,2470.0,6459,766,19
J3,2024,ガイナーレ鳥取,2434.0,5057,934,19
J3,2024,カマタマーレ讃岐,1949.0,4579,1008,19
J3,2024,奈良クラブ,1879.0,3951,710,19
J3,2024,福島ユナイテッドＦＣ,1800.0,5471,555,19
J3,2024,ヴァンラーレ八戸,1728.0,3031,816,19
J3,2024,横浜スポーツ&カルチャークラブ,1557.0,3627,923,19
J3,2024,いわてグルージャ盛岡,1362.0,2575,515,19
J3,2024,テゲバジャーロ宮崎,1165.0,2126,599,19
J3,2023,松本山雅ＦＣ,8181.0,12457,5169,19
J3,2023,鹿児島ユナイテッドＦＣ,5904.0,11978,3709,19
J3,2023,ＦＣ岐阜,4733.0,7019,3099,19
J3,2023,ギラヴァンツ北九州,3857.0,8042,2598,19
J3,2023,ＦＣ今治,3711.0,5424,2485,19
J3,2023,愛媛ＦＣ,3674.0,11128,1593,19
J3,2023,ＡＣ長野パルセイロ,3528.0,12458,2245,19
J3,2023,カターレ富山,3444.0,6453,1619,19
J3,2023,ＦＣ大阪,2708.0,4555,1435,19
J3,2023,ＦＣ琉球,2534.0,4396,1323,19
J3,2023,ＳＣ相模原,2308.0,4589,992,19
J3,2023,ガイナーレ鳥取,2280.0,5411,1190,19
J3,2023,カマタマーレ讃岐,2063.0,5577,1284,19
J3,2023,アスルクラロ沼津,1961.0,3657,650,19
J3,2023,ヴァンラーレ八戸,1890.0,3613,823,19
J3,2023,奈良クラブ,1781.0,4808,821,19
J3,2023,テゲバジャーロ宮崎,1552.0,2932,1001,19
J3,2023,横浜スポーツ&カルチャークラブ,1470.0,3453,815,19
J3,2023,いわてグルージャ盛岡,1254.0,1843,801,19
J3,2023,福島ユナイテッドＦＣ,1229.0,1865,668,19
J3,2022,松本山雅ＦＣ,8401.0,15912,5802,17
J3,2022,鹿児島ユナイテッドＦＣ,4740.0,7562,2280,17
J3,2022,ＦＣ岐阜,4194.0,7827,2517,17
J3,2022,ギラヴァンツ北九州,3613.0,7233,2480,17
J3,2022,ＡＣ長野パルセイロ,3308.0,13244,1968,17
J3,2022,愛媛ＦＣ,2938.0,9126,1249,17
J3,2022,カターレ富山,2872.0,5815,1291,17
J3,2022,ＦＣ今治,2320.0,3948,1205,17
J3,2022,いわきＦＣ,2174.0,4419,1004,17
J3,2022,ＳＣ相模原,1934.0,4386,581,17
J3,2022,カマタマーレ讃岐,1805.0,3283,1117,17
J3,2022,藤枝ＭＹＦＣ,1746.0,3375,919,17
J3,2022,ガイナーレ鳥取,1745.0,3017,646,17
J3,2022,アスルクラロ沼津,1684.0,4066,639,17
J3,2022,ヴァンラーレ八戸,1503.0,3198,458,17
J3,2022,福島ユナイテッドＦＣ,1465.0,4501,685,17
J3,2022,横浜スポーツ&カルチャークラブ,1293.0,2152,698,17
J3,2022,テゲバジャーロ宮崎,1268.0,2700,709,17
J3,2021,鹿児島ユナイテッドＦＣ,3738.0,4957,1838,14
J3,2021,ＦＣ岐阜,3505.0,5472,2184,14
J3,2021,ロアッソ熊本,3342.0,11314,1559,14
J3,2021,カターレ富山,2780.0,4131,1332,14
J3,2021,ＡＣ長野パルセイロ,2518.0,3336,1765,14
J3,2021,ＦＣ今治,1661.0,2236,1155,14
J3,2021,アスルクラロ沼津,1482.0,2743,759,14
J3,2021,カマタマーレ讃岐,1475.0,2441,835,14
J3,2021,いわてグルージャ盛岡,1394.0,2453,610,14
J3,2021,藤枝ＭＹＦＣ,1323.0,2323,559,14
J3,2021,ガイナーレ鳥取,1186.0,1861,739,14
J3,2021,横浜スポーツ&カルチャークラブ,1157.0,1917,477,14
J3,2021,ヴァンラーレ八戸,1137.0,2114,315,14
J3,2021,テゲバジャーロ宮崎,1124.0,2101,421,14
J3,2021,福島ユナイテッドＦＣ,877.0,1641,264,14
J3,2020,ＦＣ岐阜,2809.0,5222,1421,16
J3,2020,ＡＣ長野パルセイロ,2602.0,6297,1277,16
J3,2020,鹿児島ユナイテッドＦＣ,2352.0,3990,714,16
J3,2020,ロアッソ熊本,1819.0,3435,1061,16
J3,2020,ＦＣ今治,1440.0,2139,671,16
J3,2020,ブラウブリッツ秋田,1298.0,2226,717,16
J3,2020,カターレ富山,1293.0,2592,676,16
J3,2020,アスルクラロ沼津,983.0,1890,302,16
J3,2020,ＳＣ相模原,976.0,2664,341,16
J3,2020,カマタマーレ讃岐,923.0,1506,551,16
J3,2020,ガイナーレ鳥取,858.0,1451,573,16
J3,2020,藤枝ＭＹＦＣ,726.0,1271,441,16
J3,2020,ヴァンラーレ八戸,707.0,1066,302,16
J3,2020,横浜スポーツ&カルチャークラブ,662.0,1109,290,16
J3,2020,ガンバ大阪U-23,633.0,2526,329,16
J3,2020,福島ユナイテッドＦＣ,619.0,1369,157,16
J3,2020,セレッソ大阪U-23,594.0,1672,296,16
J3,2020,いわてグルージャ盛岡,512.0,1024,101,16
J3,2019,ギラヴァンツ北九州,6049.0,12270,3744,17
J3,2019,ロアッソ熊本,5533.0,16027,3085,17
J3,2019,ザスパ群馬,3594.0,5881,1875,17
J3,2019,ＡＣ長野パルセイロ,3000.0,4247,1434,17
J3,2019,ＳＣ相模原,2879.0,5504,1609,17
J3,2019,カターレ富山,2737.0,5254,1136,17
J3,2019,アスルクラロ沼津,2470.0,5315,932,17
J3,2019,ガイナーレ鳥取,2229.0,4011,946,17
J3,2019,カマタマーレ讃岐,2112.0,3339,1120,17
J3,2019,ヴァンラーレ八戸,1760.0,2797,907,17
J3,2019,藤枝ＭＹＦＣ,1740.0,3973,748,17
J3,2019,ブラウブリッツ秋田,1549.0,3393,736,17
J3,2019,いわてグルージャ盛岡,1368.0,3212,516,17
J3,2019,ＦＣ東京U-23,1276.0,2072,267,17
J3,2019,ガンバ大阪U-23,1263.0,2662,700,17
J3,2019,福島ユナイテッドＦＣ,1242.0,3406,436,17
J3,2019,セレッソ大阪U-23,1197.0,4755,647,17
J3,2019,横浜スポーツ&カルチャークラブ,1095.0,1610,337,17
J3,2018,ギラヴァンツ北九州,4501.0,12812,2320,16
J3,2018,鹿児島ユナイテッドＦＣ,4040.0,10916,1703,16
J3,2018,ＡＣ長野パルセイロ,3554.0,7082,2679,16
J3,2018,ＳＣ相模原,3458.0,12612,1602,16
J3,2018,ザスパ群馬,3346.0,4700,1604,16
J3,2018,ＦＣ琉球,3146.0,7810,886,16
J3,2018,アスルクラロ沼津,2857.0,5687,1271,16
J3,2018,カターレ富山,2670.0,4124,1602,16
J3,2018,ガイナーレ鳥取,2657.0,4817,1302,16
J3,2018,ブラウブリッツ秋田,2476.0,10607,675,16
J3,2018,ＦＣ東京U-23,1723.0,2563,934,16
J3,2018,福島ユナイテッドＦＣ,1576.0,3199,671,16
J3,2018,ガンバ大阪U-23,1382.0,3753,568,16
J3,2018,藤枝ＭＹＦＣ,1273.0,2592,508,16
J3,2018,いわてグルージャ盛岡,1216.0,3115,515,16
J3,2018,セレッソ大阪U-23,1112.0,4551,509,16
J3,2018,横浜スポーツ&カルチャークラブ,1005.0,1509,546,16
J3,2017,ギラヴァンツ北九州,5939.0,14935,3864,16
J3,2017,栃木SCＳＣ,5147.0,11191,2758,16
J3,2017,ＡＣ長野パルセイロ,4256.0,8049,2652,16
J3,2017,ＳＣ相模原,3657.0,6122,1548,16
J3,2017,鹿児島ユナイテッドＦＣ,3508.0,5157,1854,16
J3,2017,カターレ富山,3159.0,6383,1917,16
J3,2017,アスルクラロ沼津,3029.0,8649,753,16
J3,2017,ＦＣ琉球,2508.0,6888,1032,16
J3,2017,ブラウブリッツ秋田,2069.0,3492,1156,16
J3,2017,ＦＣ東京U-23,1933.0,6338,864,16
J3,2017,ガイナーレ鳥取,1559.0,2435,573,16
J3,2017,福島ユナイテッドＦＣ,1485.0,3897,629,16
J3,2017,藤枝ＭＹＦＣ,1448.0,2577,722,16
J3,2017,いわてグルージャ盛岡,1337.0,3590,520,16
J3,2017,ガンバ大阪U-23,1226.0,2317,523,16
J3,2017,横浜スポーツ&カルチャークラブ,951.0,1264,559,16
J3,2017,セレッソ大阪U-23,909.0,1653,273,16
J3,2016,大分トリニータ,7771.0,11065,5408,15
J3,2016,ＡＣ長野パルセイロ,5018.0,10377,3794,15
J3,2016,栃木SCＳＣ,4917.0,8586,2864,15
J3,2016,ＳＣ相模原,4344.0,7582,2536,15
J3,2016,鹿児島ユナイテッドＦＣ,3665.0,4975,2024,15
J3,2016,カターレ富山,3608.0,5081,2691,15
J3,2016,ＦＣ東京U-23,2797.0,7653,1375,15
J3,2016,ガンバ大阪U-23,2401.0,8038,1066,15
J3,2016,ブラウブリッツ秋田,2112.0,4791,1129,15
J3,2016,ガイナーレ鳥取,1898.0,3450,1321,15
J3,2016,福島ユナイテッドＦＣ,1678.0,3052,1045,15
J3,2016,ＦＣ琉球,1561.0,4565,948,15
J3,2016,藤枝ＭＹＦＣ,1531.0,2257,904,15
J3,2016,セレッソ大阪U-23,1488.0,4915,713,15
J3,2016,いわてグルージャ盛岡,1188.0,2888,486,15
J3,2016,横浜スポーツ&カルチャークラブ,1019.0,1614,568,15
J3,2015,ＡＣ長野パルセイロ,4733.0,8681,3159,20
J3,2015,レノファ山口ＦＣ,4367.0,8474,1697,20
J3,2015,ＦＣ町田ゼルビア,3766.0,7803,2005,20
J3,2015,ＳＣ相模原,3291.0,9040,1660,19
J3,2015,カターレ富山,2820.0,4542,1870,20
J3,2015,ガイナーレ鳥取,1932.0,4013,1096,20
J3,2015,ブラウブリッツ秋田,1713.0,2815,1021,19
J3,2015,ＦＣ琉球,1498.0,8993,538,19
J3,2015,福島ユナイテッドＦＣ,1289.0,3207,692,19
J3,2015,いわてグルージャ盛岡,1239.0,3025,635,20
J3,2015,藤枝ＭＹＦＣ,1103.0,1516,618,19
J3,2015,横浜スポーツ&カルチャークラブ,919.0,1723,461,19
J3,2014,ツエーゲン金沢,3440.0,8115,658,18
J3,2014,ＦＣ町田ゼルビア,3134.0,4569,2012,18
J3,2014,ＳＣ相模原,3133.0,7860,921,18
J3,2014,ガイナーレ鳥取,3069.0,5892,1832,18
J3,2014,いわてグルージャ盛岡,1522.0,3048,741,18
J3,2014,ブラウブリッツ秋田,1519.0,2187,842,18
J3,2014,ＦＣ琉球,1398.0,5163,520,18
J3,2014,福島ユナイテッドＦＣ,1321.0,4163,504,18
J3,2014,藤枝ＭＹＦＣ,1319.0,3302,612,18
J3,2014,横浜スポーツ&カルチャークラブ,1018.0,1819,512,18
