順位,チーム名,勝点,試合数,勝,分,敗,得点,失点,得失点差
1,鹿児島,19,7,6,1,0,15,7,8
2,愛媛,16,7,5,1,1,18,8,10
3,FC大阪,13,7,3,4,0,13,7,6
4,山口,13,7,4,1,2,9,5,4
5,滋賀,12,7,4,0,3,13,10,3
6,相模原,11,7,3,2,2,12,8,4
7,長野,11,7,3,2,2,8,8,0
8,奈良,11,7,3,2,2,14,15,-1
9,岐阜,10,7,3,1,3,15,5,10
10,熊本,10,7,2,4,1,6,4,2
11,琉球,10,7,3,1,3,9,9,0
12,鳥取,10,7,3,1,3,10,14,-4
13,栃木SC,9,7,2,3,2,10,12,-2
14,金沢,7,7,2,1,4,10,12,-2
15,北九州,6,7,1,3,3,9,15,-6
16,群馬,6,7,2,0,5,7,14,-7
17,松本,5,7,0,5,2,6,9,-3
18,高知,5,7,1,2,4,3,14,-11
19,福島,4,7,1,1,5,12,17,-5
20,讃岐,4,7,1,1,5,7,13,-6
